title,alias,fulltext,created
Сапожник,sapojnik,"
<p>
<object width="300" height="25">
<param name="movie" value="http://www.youtube.com/v/CHUNzIVeLm4&amp;hl=ru&amp;fs=1&amp;color1=0xe1600f&amp;color2=0xfebd01" />
<param name="allowFullScreen" value="true" />
<param name="allowscriptaccess" value="always" /><embed type="application/x-shockwave-flash" width="300" height="25" src="http://www.youtube.com/v/CHUNzIVeLm4&amp;hl=ru&amp;fs=1&amp;color1=0xe1600f&amp;color2=0xfebd01" allowfullscreen="true" allowscriptaccess="always"></embed>
</object>
</p>
<p>Заставь сапожника съесть кошелек,<br />Резиновый мастер позорного пьянства.<br />Зачем тебе выстрел, когда есть свисток,<br />Не бойся, у нас всё в порядке.</p>
<p>Раздайте водителям шапки,<br />Не трогайте суслика, он не причём здесь.<br />Топор палача наготове,<br />Комбайн дымится на грядке.</p>
<p>Откройте люк – марсиане пришли, <br />Искусственный хобот не нужен индийцу.<br />Зачем тебе ноги, когда есть такси,<br />В пустыне бывает и жарче.</p>
<p>Цветы это пища, не путай с улыбкой, <br />Давай Винни Пуха выбросим прочь.<br />Зачем тебе мыло, когда есть селёдка,<br />Оплачено всё, забирайте.</p>
<p>Козлиные муки не будут напрасны,<br />Напился, уйди. Отдохнут трубадуры.<br />Изогнутый палец поломанной куклы,<br />Не трогать, уроды. Прощайте.</p>","2009-05-22 18:26:39"
Ракеты,raketi,"
<p>
<object width="300" height="25">
<param name="movie" value="http://www.youtube.com/v/FenMvWqt_Ok&amp;hl=ru&amp;fs=1&amp;color1=0xe1600f&amp;color2=0xfebd01" />
<param name="allowFullScreen" value="true" />
<param name="allowscriptaccess" value="always" /><embed type="application/x-shockwave-flash" width="300" height="25" src="http://www.youtube.com/v/FenMvWqt_Ok&amp;hl=ru&amp;fs=1&amp;color1=0xe1600f&amp;color2=0xfebd01" allowfullscreen="true" allowscriptaccess="always"></embed>
</object>
</p>
<p>Я никому не желаю счастья,<br />Я никому не хочу ненастья, <br />Я никому не хочу печали, <br />Я лишь за то, чтоб коровы мычали, <br />Я отдаю свои деньги соседке, <br />Я покупаю из бара салфетки, <br />Я обхожусь без холодного пива,<br />Я отдыхаю, ну просто, красиво.</p>
<p><br />Припев:<br />О-о..., о-о…<br />Вы отдайте мне ракету.<br />О-о…, о-о…<br />За большие деньги где-то.<br />О-о..., о-о…<br />Не забудьте в день рождения.<br />О-о..., о-о…<br />Захотелось приключения.</p>
<p><br />Много проякал и много профукал,<br />Много просрал, да и просто пронюхал, <br />Много всех много без содержания, <br />Много травы и немного визжания.<br />Срочно пойду, полечу себе зубы,<br />Или помою я ноги от скуки.<br />Нужно быстрей. Принимай эстафету,<br />Лишь бы успеть всё окончить к рассвету.</p>
<p>Припев:<br />2 раза</p>","2009-05-22 18:29:44"
Заборы,zabori,"
<p>
<object width="300" height="25">
<param name="movie" value="http://www.youtube.com/v/ZI9UdrQe5zQ&amp;hl=ru_RU&amp;fs=1&amp;color1=0xe1600f&amp;color2=0xfebd01" />
<param name="allowFullScreen" value="false" />
<param name="allowscriptaccess" value="always" /><embed type="application/x-shockwave-flash" width="300" height="25" src="http://www.youtube.com/v/ZI9UdrQe5zQ&amp;hl=ru_RU&amp;fs=1&amp;color1=0xe1600f&amp;color2=0xfebd01" allowfullscreen="false" allowscriptaccess="always"></embed>
</object>
</p>
<p> </p>
<p>Кто-то пьёт виски, а кто-то ест сало,<br /> А кто-то поймал карася у причала, <br />Кто-то тоскует в своём кабинете,<br />А кто-то красиво играет на флейте.</p>
<p>Припев:<br />А я крашу забор …. 4 раза.</p>
<p>Кто-то вбивает кувалдою сваи,<br />А кто-то уехал кутить на Гавайи,<br />Кому-то засунули нож между рёбер,<br />Кого-то же трахнули где-то в сарае.</p>
<p>Припев:<br />А я крашу забор …. 4 раза.</p>
<p>Кто-то ударил жену со всей злости, <br />А кто-то понтуется у джинсовом лойсе,<br />Кого-то затронули речи Манделы,<br />А кто-то уехал на виллу в Роллс-ройсе.</p>
<p>Припев:<br />А я крашу забор …. 4 раза.</p>
<p><br />Красить погано - нету кистей,<br />Но я наберу из бумаг новостей,<br />Настолько наскучила жизнь эта наша,<br />Но всё-таки, ё* вашу мать, я докрашу.</p>
<p>Припев:<br />А я крашу забор …. 4 раза.<br />Мы все красим забор …. 4 раза.</p>","2009-05-22 18:33:47"
Ёжики,eziki,"
<p>
<object width="300" height="25">
<param name="movie" value="http://www.youtube.com/v/wGOYsypodr8&amp;hl=ru&amp;fs=1&amp;color1=0xe1600f&amp;color2=0xfebd01" />
<param name="allowFullScreen" value="true" />
<param name="allowscriptaccess" value="always" /><embed type="application/x-shockwave-flash" width="300" height="25" src="http://www.youtube.com/v/wGOYsypodr8&amp;hl=ru&amp;fs=1&amp;color1=0xe1600f&amp;color2=0xfebd01" allowfullscreen="true" allowscriptaccess="always"></embed>
</object>
</p>
<p>I<br />Вышел ёжик из тумана,<br />Кончилась марихуана.<br />Быть сегодня, как и прежде,<br />Вновь в обманутых надеждах.</p>
<p>Виски кончилось под утро.<br />Сам себе казался мудрым,<br />А когда проспался вовсе,<br />Стал всем задавать вопросы.</p>
<p>Пр.:<br />Лаба-даба-ды, лаба-даба-ды,<br />Лаба-даба-дай, лаба-даба-ды.</p>
<p>II<br />Сигарета в сто каратов, <br />И яичница на завтрак.<br />Литр пива – день свободный,<br />И копейка для развода.</p>
<p>Каждый день, как день последний, -<br />Не полезный и не вредный.<br />Ты старался быть свободным,<br />А остался беспородным.</p>
<p>Пр.</p>
<p>III</p>
<p>Грязный стол и липкий кафель,<br />И табачный нудный кашель.<br />Вроде счастье, вроде лето,<br />Но вопросы без ответов.</p>
<p>И, как прежде, остаёмся,<br />Запасаем папиросы,<br />Или от бычков остатки<br />Нашей вольной жизни сладкой.</p>
<p> </p>
<p> </p>","2009-05-22 18:41:26"
"Я подарю тебе любовь",ya-podaryu-tebe-lubov,"
<p>I</p>
<p>Я подарю тебе любовь,<br />Надежду на последний день,<br />Чтоб не попасть впросак мне вновь,-<br />Возьми мою смешную тень.</p>
<p>Мне нужно срочно одолжить<br />Удачу на моём пути.<br />И нужно многое сложить, <br />Тропу несчастий замести.</p>
<p>П-в:<br />В город пришла весна<br />И меня с собой привела,<br />В город пришла весна,<br />А теперь – прощай, прощай!<br />В город пришла весна<br />И меня с собой привела,<br />В город пришла весна,<br />А теперь – прощай, прощай, ипохондрия!</p>
<p>II</p>
<p>Когда тоскуешь о земном -<br />Не хватит времени мечтать,<br />Смахни с души тоску платком,<br />При жизни нужно грех понять.</p>
<p>П-в. (2 раза)</p>","2009-05-22 18:42:41"
"Яма нас ждет",yama-nas-jdet,"
<p>I<br />Яма нас ждёт, яма нас хочет.<br />Яма нас любит и нагло хохочет.<br />Яма нас примет, какие мы есть,<br />Но в яму попасть не такая уж честь.</p>
<p>П-в:<br />Посмотри на небо, посмотри на звёзды,-<br />Ой, как прелестно!<br />Посмотри на небо, посмотри на звёзды,-<br />Ой, как прекрасно!</p>
<p>II<br />Посмотри на небо, не гневись на смерть,<br />Она – начало жизни, она – начало.<br />Есть нам будет всегда! Да-да-да!<br />У тебя впереди города.<br />Только нужно зажечь в них огни до прихода ночи.<br />Не молчи!<br />Занавеской закроешь свечу.<br />Ты молись, я с тобой помолчу,<br />Если знаешь ответ.<br />Я хочу получить благодать<br />На две тысячи лет.</p>
<p>III<br />Яма нас ждёт, яма нас хочет.<br />Яма нас любит и нагло хохочет.<br />Яма нас примет, какие мы есть,<br />Но в яму попасть не такая уж честь.</p>
<p>П-в:<br />Посмотри на небо, посмотри на звёзды,-<br />Ой, как прелестно!<br />Посмотри на небо, посмотри на звёзды,-<br />Ой, как прекрасно!<br />Яма нас ждёт…<br />Ой, как прелестно!<br />Яма нас ждёт…<br />Ой, как прекрасно!</p>","2009-05-22 18:45:19"
"Фламенко для невесты",flamenko-dlya-nevesti,"
<p>Я не хочу ломать, лучше дрова топором рубать.<br />Я не усну опять, буду петь или танцевать.<br />Снова рабочий день, и мне работать не лень.<br />Снова лето-жара, и я пью до утра.</p>
<p><br />Припев:<br />Кто-то мне там говорил из-за угла:<br />«Это не гетеросексуальная война».</p>
<p><br />Буду с женой ходить, вместе дрова легче пилой пилить.<br />Буду опять перчить, или чай солью сахарить.<br />Мне не понять рассвет, если заката нет.<br />Мне не нужна тоска, я снова пью до утра.</p>
<p><br />Припев:</p>
<p>Кто-то мне там говорил из-за угла:<br />«Это не гетеросексуальная война».</p>
<p><br />Проигрыш</p>
<p><br />Припев:</p>
<p>Кто-то мне там говорил из-за угла:<br />«Это не гетеросексуальная война».</p>","2009-05-22 18:46:06"
"Тропа в аптеку",tropa-v-apteku,"
<p>I<br />Мы по ходу ловили трамвай,<br />В фиолетовых путаясь снах.<br />…Эта дикая просьба: “Вставай!”, -<br />Безответность в связных проводах…</p>
<p>Но радист всё твердит, как больной<br />Свой в оглохший эфир позывной.</p>
<p><br />Мы свой путь продолжаем упрямо,<br />Мы свою ночью линию гнём.<br />Нам - налево, и три года  прямо, -<br />Мы идём, мы идём, мы идём…</p>
<p>Припев:<br />У-о-у-о! Это тропа в аптеку… (2 раза)</p>
<p>II<br />Мы идём покупать себе чай,<br />Мы устали пить всякую дрянь.<br />Утро все сны обрубит сейчас,<br />И завянет на окнах герань.</p>
<p>На песке остаются следы,-<br />Дайте воды, дайте воды!</p>
<p><br />И опять – по дороге на всех,<br />И опять мы не спим, а идём…<br />То ли мат, то ли плач, то ли смех,<br />Но как-будто пока всё путём.</p>
<p>Припев:<br />У-о-у-о! Это тропа в аптеку… (4 раза)</p>","2009-05-22 18:47:37"
"Секс с Иностранцем",sex-s-inostrancem,"
<p>Что-то я стал стареть: чувствую, тянет на воспоминания.<br />Хотя, наверное, все возрасты покорны пагубной страсти – вспоминать,<br />А как и чего было в сексе у тебя раньше.<br />В гамаке, на скользкой палубе, вчетвером, вшестером, а с собакой, <br />а с несмазанным вибратором?<br />Из вороха извращений и приравненных к ним Любовям у меня вдруг выплыл вопрос: а занималась ли ты сексом с иностранцами?<br />Ну и как? И что ты чувствовала? А он? А что с тобой он такого делал, чего не делали твои русские дружки?<br />А что он  говорил? Впрочем, ты всё равно ни одного языка не знаешь, кроме родного и матерного.<br />Или пьяна была, когда на любом языке говорится с лёгкостью необыкновенной?</p>
<p>П-в:<br />Я не хочу умирать, а ты? Я ненавижу с детства порноцветы.<br />Я не люблю себя ограничивать на плоскости.<br />Я не умею читать много книг и у меня нет ловкости.<br />Ведь я не обезьяна, я не Буратино, я не смазливый парень,<br />Я просто друг Тарантино.</p>
<p><br />Шестидесятники ещё любят вспоминать, что первых настоящих иностранцев в Москве увидели только во время международного фестиваля в пятидесятые годы.<br />И ещё долго по городам и весям рождались «дети фестиваля» самых разных оттенков:<br />Презервативов-то не было.<br />Это девушки дорвались до иностранческого тела.<br />Мужики дорвались до европейских телес ещё в 45-м на правах победителей.<br />(Думаешь, откуда в Берлине столько симпатичных людей 46-го года рождения? – вот-вот.)</p>
<p><br />П-в.</p>","2009-05-22 18:48:57"
"Мир победит",mir-pobedit,"
<p>Мир победит наркоманию и СПИД,<br />Мир победит пьянство, разруху и злобу,<br />Мир победит от прокола ухо<br />Но непонятен запрет,<br />Эротического духа</p>
<p>Мир победит наглость и лихоимство,<br />Мир победит фашизм и спасет от фонатизма.<br />Мир победит аборт и развалит тюрьмы,<br />Но не  понять им запрет табачной урны.</p>
<p>П-в:1<br />Борьба – постоянная драка,<br />Бой бешеных псов – или милой собаки.<br />Стук в дверь, паровозным гудком - или шелест бумаги,<br />Пусть грубо скажу – <br />Но кому-то ВСЕ это до сраки.<br />П-в:2</p>
<p>Но мне все намного проще,<br />В данный момент я у тещи.<br />И, поедая вареники с мясом,<br />Восседая ГОРДО - восседая ГОРДО - восседая ГОРДО над унитазом</p>
<p>лопая</p>","2009-05-22 18:49:57"
"Людям писец",ludyam-pisec,"
<p>Я видел говорящую собаку,<br />И видел говорящего кота,<br />И бегемота, жрущего пельмени, <br />И зайца обцадрица без хвоста.</p>
<p>Припев:<br />Вы не хамите, не перебивайте.<br />Поверьте, люди, я не лгу,<br />Что ты кричишь, такого не бывает,<br />А ты курил, что я курю?!<br />Людям писец и солнцу писец … 4 раза.</p>
<p><br />Я слышал, как шептались ветки ивы,<br />Я видел, как танцует солнце с тортом.<br />И фрукты оттопырились у сливы.<br />Я видел, как танцует белка в шортах.</p>
<p>Припев:<br />Вы не хамите, не перебивайте.<br />Поверьте, люди, я не лгу,<br />Что ты кричишь, такого не бывает,<br />А ты живёшь, где я живу?!<br />Людям писец и солнцу писец … 12 раз.</p>","2009-05-22 18:51:15"
"Лирическая (Шотландия)",liricheskaya,"
<p>Мне приснился сон, что с тобою вдвоём<br />Вдалеке от дома по лесу идём.<br />Птицы песню поют про любовь твою и мою.<br />И от счастья я эту песню пою.</p>
<p>Мне с тобой хорошо под ливнем гулять.<br />Вдруг качнулась моя очень нежно кровать.<br />Приоткрыл я глаза, и сон мой ушёл,<br />Лишь во сне, наконец-то, я счастье нашёл.</p>","2009-05-22 18:52:55"
"Вот и всё…",vot-i-vse,"
<p>I<br />Вот и всё, что написано про меня,<br />Вот и всё, что я мог сказать о тебе.<br />У кого-то из нас не хватило огня,<br />Чтобы свет увидали на далёкой звезде.</p>
<p>Вырезали алмазом из простого стекла<br />И пытались приблизить этим небо к глазам,<br />И дышали вдвоём от звонка до звонка,<br />Каждый раз забывая, что при этом сказать.</p>
<p>Припев:<br />А ты теперь не плачь, ты теперь не горюй,<br />Просто я не знаю, как пройти эту ночь,<br />Просто я не знаю золотую звезду,<br />От которой я улетаю прочь,<br />Улетаю, улетаю, улетаю, таю, таю, таю прочь,<br />Улетаю, улетаю, улетаю…</p>
<p>II<br />Вёз последний троллейбус к “до свиданию” нас,<br />Не дышали на иней на холодном стекле,<br />Грели руки у сердца мы с теплом про запас,<br />Каждый раз расставаясь на высокой стене.</p>
<p>Три дороги домой, не одной, чтоб – с тобой;<br />Лишь окно где-то там, на восьмом этаже…<br />Я взлетал по стене, и с подзорной трубой<br />Я глядел на звезду, замерзая уже.</p>
<p>П-в.</p>
<p>III<br />Тёплый ветер, глаза – цвет другой, и увы,<br />Своим светом меня согреваешь не ты,<br />Но и лет через сто мы не будем на “вы”,<br />Но и лет через тыщу мы не будем, как – мы!..</p>
<p>Вот и всё, что написано про меня,<br />Вот и всё, что я мог сказать о тебе.<br />Оседлав тонкий луч, я лечу к небесам,<br />Где заметили свет на далёкой звезде.</p>
<p>Припев:<br />А ты теперь не плачь, ты теперь не горюй,<br />Просто ты не знаешь, как пройти эту ночь,<br />Просто ты не знаешь золотую звезду,<br />От которой я улетаю прочь,<br />Улетаю, улетаю, улетаю, таю, таю, таю прочь,<br />Улетаю, улетаю, улетаю…</p>","2009-05-22 18:54:02"
"Было всё неинтересно…",bilo-vse-ne-interesno,"
<p>Было всё неинтересно…<br />Провтыкали, если честно!<br />Много лишнего в миноре,<br />И поэтому в игноре.</p>
<p>Кто сказал, ну, кто сказал бы,<br />Что связали нас вокзалы<br />Железнодорожной нитью,<br />Превратив жизнь в общежитья.</p>
<p>Мы сожгли остаток хлама<br />В крематории, тем самым<br />Каждый положил приборы,<br />Заморочившись в мажоре.</p>
<p>На приборах то двенадцать,<br />А то пыли на два пальца.<br />Об асфальт их! И не нужно<br />Море видеть в каждой луже.</p>
<p>И не скучно, ох, не скучно!<br />Ведь любой из нас получит<br />Свою сотню грамм за сбитый,-<br />Не должны теперь, а – квиты!</p>
<p>И по ходу, став поярче,<br />Всё срастётся, - не иначе!<br />И плюсы нахоботятся,<br />Лишь бы с ритма не сбиваться!</p>
<p>И попроще сделать рожу<br />Стало, в общем-то, возможным.<br />Был без вкуса мир, без цвета,<br />Сплошь пропахший сигаретой…<br />(Мир без запаха и вкуса<br />Был, без цвета… Ну, вы в курсе!)</p>
<p>Вскрыт отныне нами глянец!<br />Видит это иностранец,<br />Племена аборигенов, -<br />Что быть может офигенней?!</p>","2009-05-22 18:55:14"
"Агент «Мосада»",agent-mosada,"
<p>«…я встретил Валичку…»<br />I<br />Я похож на иностранца,<br />На смешного мексиканца,<br />На гиганта-скандинава,<br />Африканца-канибала.<br />Просто, я – агент «Мосада»…&nbsp;&nbsp;&nbsp;&nbsp;&nbsp; (2 раза)</p>
<p>П-в:<br />Просто, я – агент «Мосада».<br />Ссориться со мной не надо,<br />Хоть узнать меня не так-то просто!<br />По винтовке, парашюту,<br />Рации, на вес в два пуда,-<br />Ну, а в остальном – на вид не броский.</p>
<p>II<br />Специально был обучен.<br />И когда я стал всех круче, -<br />Засекретили, и даже, -<br />От жены и от себя же.<br />Просто, я – агент «Мосада»…&nbsp;&nbsp;&nbsp;&nbsp;&nbsp; (2 раза)</p>
<p>П-в:<br />Просто, я – агент «Мосада».<br />Ссориться со мной не надо,<br />Хоть узнать меня не так-то просто!<br />По винтовке, парашюту,<br />Рации, на вес в два пуда, -<br />Ну, а в остальном – на вид не броский.<br />Просто, я – агент «Мосада»…&nbsp;&nbsp;&nbsp;&nbsp;&nbsp; (2 раза)</p>
<p>Штирлиц: «А вы видели Ёсика?»<br />Плейшнер: «Нет, не видел. А где он?»<br />Штирлиц: «А он умер!»<br />Плейшнер: «Когда?»<br />Штирлиц: «В 53-м!»</p>","2009-05-22 18:56:08"
Алоха,aloha,"
<p>Захудалый&nbsp; неврастеник<br />Чахнет, вожделея денег.<br />Юнга, родом ниоткуда,<br />Грезит в ожиданьи чуда.<br />Рогоносцы – капитаны<br />Покоряют океаны.<br />А военные вприпрыжку<br />Гонят прочь от сыра мышку.<br />Алоха, пипл, май френдз, алоха!<br />Буэна сайра, шлемазл, мучача!<br /> Нам не нужны трава и кока,<br />Ведь мы и так уже в кибадачи.<br /> Алоха, пипл, май френдз, алоха!<br />Буэна сайра, шлемазл, мучача!<br />А мы и так живём неплохо,<br />Нас греют де-вы и кружка ча-чи!</p>
<p>Гонят, грезя, растаманы,<br />Покоряя океаны.<br />И не мышка на тарелке:<br />Ханыри гоняют белку.<br />Сумашедшие счастливцы,<br />Словно редкие ленивцы.<br />Мысль все прочие лелеют,<br />Что умрут, не заболея.</p>
<p>Трактористки любят трактор,<br />Журналистки ищут факты.<br />Изучает мат филолог,<br />Сочиняет стих проктолог.<br />В мире всё закономерно,<br />И всё правильно, наверно:<br />Пессимист похож на лоха, -<br />Остальным вообще (всё) – Алоха!</p>","2009-05-22 19:03:43"
Вполовину,vpolovinu,"
<h3>I</h3>
<p>Оранжевые дворники вдыхают белый кайф,<br /> Дальтоникам – что зелень, что спирт.<br /> Запойные затворники мечтают о new life,<br /> И вот ещё один день убит.</p>
<h6>Пр-в:</h6>
<p>И рвутся в ушах перепонки до крови,<br /> Мне так надоел этот загнанный город.<br /> Мне так надоели дома и витрины,<br /> И я подбиваю себе только на половину.</p>
<h3>II</h3>
<p>Здесь кто-то распял сам себя на кресте,<br /> А кто-то идёт напролом.<br /> А кто-то твердит всем о том, что хотел,<br /> О том, что уже всё в облом.</p>
<h6>Пр-в:</h6>
<p>И рвутся в ушах перепонки до крови,<br /> Мне так надоел этот загнанный город.<br /> Мне так надоели кафе и машины,<br /> И я из бутылки налил для себя половину.</p>
<h3>III</h3>
<p>Стираются кеды об асфальтные мили,<br /> И что-то опять запретят.<br /> И все здесь давно друг на друга забили,<br /> Хотя все друг друга хотят.</p>
<h6>Пр-в:</h6>
<p>И рвутся в ушах перепонки до крови,<br /> Мне так надоел этот загнанный город.<br /> Мне так надоели досадные рожи,<br /> И я стал уже на них вполовину похожим.</p>
<p>Картины и книги<br /> С подержанным смыслом,<br /> А совесть в обмен<br /> На вино и сосиски.<br /> А зло и добро<br /> Отрицательно в сумме,<br /> И я вполовину уже<br /> В этом городе умер.</p>","2012-04-26 17:53:27"
ЦЕЛЬ,czel,"
<h6>I</h6>
<p>Я пришёл к тебе,<br /> Я пришёл с тобой,-<br /> Целиком в себе<br /> Или сам не свой.<br /> Я гляжу сквозь дым<br /> Или вижу свет…<br /> Я быть мог иным,<br /> Только смысла нет.</p>
<p>Я, бsть может, нет,<br /> А быть может, да.<br /> Чёрно-белый, где<br /> Лишние цвета.<br /> Что-то в этом есть,<br /> Когда я – лишь я.<br /> Здесь излишня лесть,<br /> Потому, что я…</p>
<p>&nbsp;</p>
<h6>Припев:</h6>
Я не скрываю цель,-<br /> Хватит рассуждать зазря.<br /> Где-то я, садясь на мель,<br />Славлю якоря.
<p>&nbsp;</p>
<h6>II</h6>
<p>Ты одна в себе,<br /> Я один с тобой:<br /> Любишь ты людей,<br /> Я люблю покой.<br /> Я с тобой близнец<br /> Рыбы иль весы,<br /> Я во многом спец,<br /> В остальном – прости…</p>
<p>Внешний облик мой – <br /> Это ерунда!<br /> Я сейчас с тобой,<br /> Я с тобой всегда!<br /> Что тут думать: ты<br /> Отвори себя.<br /> Мне твой странен стыд,<br /> Потому, что я…</p>
<p>&nbsp;</p>
<h6>Припев:</h6>
Я не скрываю цель,-<br /> Хватит рассуждать зазря.<br /> Где-то мы, садясь на мель,<br />Славим, славим якоря.
<p>&nbsp;</p>","2012-04-26 18:10:05"
"Я весь из положительных эмоций",ya-ves-iz-polozhitelnyx-emoczij,"
<p>У меня всё в порядке,<br /> Я играю с сыном в прятки.<br /> А на улице вата,- какая досада!<br /> Бадминтон не проходит,<br /> И не холодно вроде бы,<br /> И друзья-музыканты: каждый первый– таланты.<br /> Я весь – из полоржительных эмоций!<br /> По рифме подходит «фантоций».<br /> Я весь – из полоржительных эмоций!<br /> Когда меня по свету носит.<br /> Мои тексты – не книги<br /> И не форма для фиги.<br /> Остальное – не важно,<br /> Отдыхаем вальяжно и эпатажно!<br /> Заморочки для сказки,<br /> Болтовня – для развязки.<br /> Кто не понял сюжета – <br /> Тому два привета с шоколадной конфетой!</p>","2012-04-26 18:16:32"
"Про диджеев, интернет и всякое такое",pro-didzheev-internet-i-vsyakoe-takoe,"
<h3>I</h3>
<p>Хэлоу, ребятки,<br /> Бонжур, месье!<br /> Салют, девчатки,<br /> Привет тусне!</p>
<p>Я бредил выходными,<br /> Стреляя разрывными,<br /> И вот я снова с вами,-<br /> Давай угля стране!</p>
<p>Приколы – по паролю,<br /> И нет команды «стоп» нам на танцполе.<br /> Пусть базу запороли,-<br /> Мы новую найдём за сто пистолей.</p>
<h3>II</h3>
<p>Поднял перчатку,<br /> Рискнул – дуэль!<br /> Сыграем в прятки?<br /> Чур я – в постель!</p>
<p>Дежурные разводы,<br /> Динамо не проходит,<br /> И та же всё порода – <br /> А-ля Эммануэль!</p>
<p>Всю жидкость побороли,<br /> Но чуточку на дне осталось молей.<br /> Ди-джей хиты мусолит,<br /> И каждый исполняет свои роли.</p>
<h3>III</h3>
<p>Опять – в десятку<br /> И на коне!<br /> Команды кратки,<br /> Рассвет в окне.</p>
<p>Один, два, три, семь, восемь – <br /> В который раз заносит,<br /> Бегу подряд все кроссы<br /> По белой полосе.</p>
<p>Раздали всё пистоли,<br /> Остались головные только боли.<br /> Свернули все консоли,<br /> И вновь «до новых встреч в онлайн приколе!»</p>
<p><strong>Кода:</strong> В какую лёг я плоскость<br /> Понятно не вполне</p>","2012-04-26 18:20:31"
"Другу Змею",drugu-zmeyu,"
<h3>I</h3>
<p>Белка грызёт не свои орешки,<br />
Змей мотороллером давит пешки,<br />
Шашки-мартышки, опять задвижки,-<br />
    Сделано на века…</p>

<p>Грязные дядьки на голых сиськах,<br />
Рваные джинсы, бритьё на письках,<br />
Грязные сказки с концовкой в письмах,<br />
Клятвы для дураков…</p>
<h6>Припев:</h6>
<p>Я не хочу говорить о главном,<br />
На языке, почему-то, странном,<br />
Словно меня кто-то затыкает,<br />
Мысли перебивает.<br />
А на лице на моём – улыбка,<br />
Пусть за стеной завывает скрипка,<br />
Я не включаю,- Я всё прощаю…<br />
Завтра я улетаю.</p>
<h3>II</h3>
<p>Время проходит, а зубы сводит,<br />
День отдыхает. Немного водит.<br />
Снова – вино и гламурный вечер,<br />
Мир победителей – бесконечен.</p>

<p>Ложкой взмахну - зачерпну желанье,<br />
К чёрту идут пусть мои страданья.<br />
Вам отдаю свои три секрета:<br />
Деньги, Любовь и Лето!</p>
<h6>Припев.</h6>

<h3>III</h3>
<p>Где-то мечта по ночам гуляет,<br />
Плачет, хрипит, а потом кидает,<br />
Время летит, и конечно,- лечит:<br />
Сразу бодрит, а потом калечит.</p>

<p>Миг – остановка, и вновь – колёса…<br />
В сердце – тоска, а в душе – заноза.<br />
Вновь уступаю кому-то место,<br />
Странно, что нет протеста.</p>
<h6>Припев.</h6>","2012-04-26 18:27:57"
"Рок-н-ролл ( от любви)",rok-n-roll-ot-lyubvi,"
<h3>I</h3>
<p>От любви тело горит<br /> Где твой стон <br /> Мой пресс не болит<br /> За стеной не бойся разбег<br /> Мой сосед украинец и грек<br /> Сколько можно улыбаться<br /> Просто двигайся<br /> И не стесняйся<br /> Сколько можно улыбаться<br /> Просто двигайся<br /> И не стесняйся<br /> Раздевайся ты богиня<br /> Я не помню твое имя<br /> Не спеша моя душа<br /> Полетела похудала<br /> Заблудилась затерялась<br /> Все домой тебе пора<br /> Пусть летит моя душа</p>
<h6>Припев:</h6>
<p>Просто двигайся и не стесняйся<br /> …<br /> Просто двигайся и не стесняйся<br /> Проигрыш</p>
<h3>II</h3>
<p>От любви голову кружит<br /> Мой прядок на день <br /> Полностью нарушен<br /> На уме одни мини юбки<br /> А в трусах военные шутки<br /> Сколько можно улыбаться<br /> Просто двигайся<br /> И не стесняйся<br /> Сколько можно улыбаться<br /> Просто двигайся<br /> И не стесняйся<br /> Раздевайся ты богиня<br /> Я не помню твое имя<br /> Не спеша моя душа<br /> Полетела похудала<br /> Заблудилась затерялась<br /> Все домой тебе пора<br /> Пусть летит моя душа</p>
<h6>Припев:</h6>
<p>Просто двигайся и не стесняйся<br /> …<br /> Просто двигайся и не стесняйся</p>
<h6>Соло</h6>
<h6>Припев:</h6>
<p>Просто двигайся и не стесняйся<br /> …<br /> Просто двигайся и не стесняйся<br /> Пусть летит моя душа!!!</p>","2012-04-26 18:43:15"
"Найяскраві почуття",najyaskrav-pochuttya,"
<h3>I</h3>
<p>Намалюй мене ззаду<br /> Там найбільші привади<br /> Намалюй мені лихо<br /> Щоб якась була втіха<br /> Намалюй мене в склепі<br /> В розфарбованом небі<br /> І заглянь в мою душу<br /> Я Любить тебе мушу</p>
<h6>Припев:</h6>
<p>Найяскраві почуття<br /> Тиж дівчиною була<br /> Таргани у голові<br /> Разом будемо ми<br /> Найяскраві почуття<br /> Тиж дівчиною була<br /> Таргани у голові<br /> Разом будемо ми</p>
<h3>II</h3>
<p>Ми підемо до рагсу<br /> Всі запрошення факсом<br /> І батьків звать не будемо<br /> Ми любов розповсюдемо<br /> Ми дітей настругали<br /> У міському фонтані<br /> Намагались не пити<br /> А друзякам радіти</p>
<h6>Припев.</h6>
<h6>Вставка:</h6>
<p>не переставай вихвалятись на людях <br /> спробуй з першого разу<br /> підхватла...</p>
<h6>Припев:</h6>
<p>Найяскраві почуття<br /> Тиж дівчиною була<br /> Таргани у голові<br /> Разом будемо ми<br /> Найяскраві почуття<br /> Тиж дівчиною була<br /> Таргани у голові<br /> Разом будемо ми</p>
<h6>проигрыш кода</h6>","2012-04-26 18:54:20"
"В раю",v-rayu,"
<h3>I</h3>
<p>Нет основы для начала<br />
Чтобы музыка звучала<br />
Нескончаемые звуки разлетаются в округе<br />
И жара уже не душит<br />
Сплетни глубоко снаружи<br />
Много пройдено годами<br />
    Но душа лежит к нирване</p>

<p>Шамаханская Царица<br />
Вновь меняет быстро лица<br />
Отголоски ржавой стали<br />
Чтобы молодость держали<br />
И свобода для народа <br />
Встретит радостно у входа<br />
Заходи не потревожим <br />
    Фэйс-контроль по тексту тоже</p>

<h6>Припев:</h6>
<p>Твоё место в раю<br />
Твоё место в раю<br />
Твоё место в раю<br />
    Твоё...</p>




<h3>II</h3>
<p>Почему опять не в моде<br />
Страсть по бешенной породе<br />
Улыбаюсь но не видно<br />
Когда бьют опять обидно<br />
И рожают сколько надо<br />
Для Москвы и Сталинграда<br />
Не обьятное в просторе <br />
    На прохладном Черном море</p>

<p>Фунты, куклы Кукрыниксы<br />
Обладатели харизмы<br />
Заплечами месть рассвета<br />
И остатки мегалета<br />
Жемчуг падает в глубины<br />
Образуя паутину<br />
И любовь добавка к чаю<br />
    Но по грусти нет печали</p>
<h6>Припев.</h6>

<h3>III</h3>
<p>Нет основы для начала<br />
Чтобы музыка звучала<br />
Нескончаемые звуки<br />
Разлетаются в округе<br />
И жара уже не душит<br />
Сплетни глубоко снаружи<br />
Много пройдено годами<br />
    Но душа лежит к нирване</p>
<h6>Припев.</h6>","2012-04-26 19:01:51"
Время-самолёт,vremya-samolyot,"
<h6>I</h6>
<p>Время-самолёт далеко несёт,<br />
Позади тревоги, неприятности и радости.<br />
Что с утра нас ждёт? Может, повезёт,<br />
    Забывай разлуки и неистовые сладости.</p>

<p>Может, это грусть,- ну, и пусть<br />
На лице своём: я её не боюсь.</p>
<h6>II</h6>
<p>Утренний компот, как похмельный пот,<br />
Впереди–веселье,смех друзей и приключения.<br />
Что нам принесёт тридцать пятый год –<br />
Ящик джина, виски или просветления?</p>

<p>Может, это грусть,- ну, и пусть<br />
На лице своём: я её не боюсь.</p>","2012-04-26 19:06:36"
